,approved_at_utc,subreddit,selftext,author_fullname,saved,mod_reason_title,gilded,clicked,title,link_flair_richtext,subreddit_name_prefixed,hidden,pwls,link_flair_css_class,downs,hide_score,name,quarantine,link_flair_text_color,upvote_ratio,author_flair_background_color,subreddit_type,ups,total_awards_received,media_embed,author_flair_template_id,is_original_content,user_reports,secure_media,is_reddit_media_domain,is_meta,category,secure_media_embed,link_flair_text,can_mod_post,score,approved_by,author_premium,thumbnail,edited,author_flair_css_class,author_flair_richtext,gildings,content_categories,is_self,mod_note,created,link_flair_type,wls,removed_by_category,banned_by,author_flair_type,domain,allow_live_comments,selftext_html,likes,suggested_sort,banned_at_utc,view_count,archived,no_follow,is_crosspostable,pinned,over_18,all_awardings,awarders,media_only,link_flair_template_id,can_gild,spoiler,locked,author_flair_text,treatment_tags,visited,removed_by,num_reports,distinguished,subreddit_id,mod_reason_by,removal_reason,link_flair_background_color,id,is_robot_indexable,report_reasons,author,discussion_type,num_comments,send_replies,whitelist_status,contest_mode,mod_reports,author_patreon_flair,author_flair_text_color,permalink,parent_whitelist_status,stickied,url,subreddit_subscribers,created_utc,num_crossposts,media,is_video
0,,AskWomen,"This is the third version of our COVID-19 post. We do not want to overrun [r/AskWomen](https://www.reddit.com/r/AskWomen/)  with coronavirus related questions. While the top comment doesn't need  to be a question, we will still be enforcing our rules on gendered  slurs, bigoted/disrespectful/hateful commentary, and invalidation.

Please  note that we advocate social distancing-comments that do not comport  with this will be removed. Remember to wash your hands, stop touching  your face, and **stay home** if at at possible-this is a serious health crisis. Follow the WHO guidelines [here](https://www.who.int/emergencies/diseases/novel-coronavirus-2019).

\~The AskWomen Mod Team",t2_2i2lkmum,False,,0,False,Don't Bring May Flowers - Coronavrius Mega Thread III,[],r/AskWomen,False,6,mod,0,False,t3_gbhk3a,False,light,0.89,,public,54,0,{},8106c61a-c8aa-11e1-a771-12313b0ce1e2,False,[],,False,False,,{},Mod Post,False,54,,False,,False,female,[],{},,True,,1588366394.0,text,6,,,text,self.AskWomen,True,"&lt;!-- SC_OFF --&gt;&lt;div class=""md""&gt;&lt;p&gt;This is the third version of our COVID-19 post. We do not want to overrun &lt;a href=""https://www.reddit.com/r/AskWomen/""&gt;r/AskWomen&lt;/a&gt;  with coronavirus related questions. While the top comment doesn&amp;#39;t need  to be a question, we will still be enforcing our rules on gendered  slurs, bigoted/disrespectful/hateful commentary, and invalidation.&lt;/p&gt;

&lt;p&gt;Please  note that we advocate social distancing-comments that do not comport  with this will be removed. Remember to wash your hands, stop touching  your face, and &lt;strong&gt;stay home&lt;/strong&gt; if at at possible-this is a serious health crisis. Follow the WHO guidelines &lt;a href=""https://www.who.int/emergencies/diseases/novel-coronavirus-2019""&gt;here&lt;/a&gt;.&lt;/p&gt;

&lt;p&gt;~The AskWomen Mod Team&lt;/p&gt;
&lt;/div&gt;&lt;!-- SC_ON --&gt;",,new,,,False,False,False,False,False,[],[],False,0d1e836e-741b-11e3-85a7-12313d1661cc,False,False,False,‚ôÄ,[],False,,,,t5_2rxrw,,,#005ba1,gbhk3a,True,,lilymcgonagall,,100,False,all_ads,False,[],False,dark,/r/AskWomen/comments/gbhk3a/dont_bring_may_flowers_coronavrius_mega_thread_iii/,all_ads,True,https://www.reddit.com/r/AskWomen/comments/gbhk3a/dont_bring_may_flowers_coronavrius_mega_thread_iii/,1443606,1588337594.0,0,,False
1,,AskWomen,,t2_65s0n6w2,False,,0,False,What are the best parts about living on your own?,[],r/AskWomen,False,6,,0,False,t3_geui6z,False,dark,0.99,,public,1006,0,{},,False,[],,False,False,,{},,False,1006,,False,,False,,[],{},,True,,1588834245.0,text,6,,,text,self.AskWomen,True,,,,,,False,False,False,False,False,[],[],False,,False,False,False,,[],False,,,,t5_2rxrw,,,,geui6z,True,,BigTop5,,422,True,all_ads,False,[],False,,/r/AskWomen/comments/geui6z/what_are_the_best_parts_about_living_on_your_own/,all_ads,False,https://www.reddit.com/r/AskWomen/comments/geui6z/what_are_the_best_parts_about_living_on_your_own/,1443606,1588805445.0,0,,False
2,,AskWomen,,t2_6csyrwb9,False,,0,False,"Does anyone experience ""emotional hangovers,"" feeling down after spending lots of time with someone close to you? How do you combat this?",[],r/AskWomen,False,6,,0,False,t3_ged4th,False,dark,0.98,,public,4588,1,{},,False,[],,False,False,,{},,False,4588,,False,,False,,[],{},,True,,1588767517.0,text,6,,,text,self.AskWomen,True,,,,,,False,False,False,False,False,"[{'giver_coin_reward': 0, 'subreddit_id': None, 'is_new': False, 'days_of_drip_extension': 0, 'coin_price': 30, 'id': 'award_a903c949-ccc5-420d-8239-1bbefc424838', 'penny_donate': 0, 'coin_reward': 0, 'icon_url': 'https://i.redd.it/award_images/t5_22cerq/xs2na1t1v9p41_HealthcareHero.png', 'days_of_premium': 0, 'icon_height': 2048, 'resized_icons': [{'url': 'https://preview.redd.it/award_images/t5_22cerq/xs2na1t1v9p41_HealthcareHero.png?width=16&amp;height=16&amp;auto=webp&amp;s=b5fef44e8d43a8e96598192b046697458d40b105', 'width': 16, 'height': 16}, {'url': 'https://preview.redd.it/award_images/t5_22cerq/xs2na1t1v9p41_HealthcareHero.png?width=32&amp;height=32&amp;auto=webp&amp;s=1ac04c3fc6fa558695baf5d534aa1756aa651459', 'width': 32, 'height': 32}, {'url': 'https://preview.redd.it/award_images/t5_22cerq/xs2na1t1v9p41_HealthcareHero.png?width=48&amp;height=48&amp;auto=webp&amp;s=111f12637505e5dea857caf5b3cdec196ddb7377', 'width': 48, 'height': 48}, {'url': 'https://preview.redd.it/award_images/t5_22cerq/xs2na1t1v9p41_HealthcareHero.png?width=64&amp;height=64&amp;auto=webp&amp;s=fe0a80824f28b6f20218d8a83a2ea15548bbbaab', 'width': 64, 'height': 64}, {'url': 'https://preview.redd.it/award_images/t5_22cerq/xs2na1t1v9p41_HealthcareHero.png?width=128&amp;height=128&amp;auto=webp&amp;s=60527ab68ff6bf227a3523f588441f0b5d127c54', 'width': 128, 'height': 128}], 'icon_width': 2048, 'start_date': None, 'is_enabled': True, 'description': 'Putting yourself on the line for us - you are the perfect super hero!', 'end_date': None, 'subreddit_coin_reward': 0, 'count': 1, 'name': 'Healthcare Hero', 'icon_format': 'PNG', 'award_sub_type': 'GLOBAL', 'penny_price': 0, 'award_type': 'global'}]",[],False,,False,False,False,,[],False,,,,t5_2rxrw,,,,ged4th,True,,Marica91221,,186,True,all_ads,False,[],False,,/r/AskWomen/comments/ged4th/does_anyone_experience_emotional_hangovers/,all_ads,False,https://www.reddit.com/r/AskWomen/comments/ged4th/does_anyone_experience_emotional_hangovers/,1443606,1588738717.0,0,,False
3,,AskWomen,"For example, having strong opinions on personal choices or even food preferences. I find it extremely hard dealing with a loved one that does this.",t2_3abqs5qd,False,,0,False,How do you deal with critical people that speaks their mind like it's the absolute truth?,[],r/AskWomen,False,6,,0,False,t3_geq47t,False,dark,0.96,,public,149,0,{},,False,[],,False,False,,{},,False,149,,False,,False,,[],{},,True,,1588820285.0,text,6,,,text,self.AskWomen,False,"&lt;!-- SC_OFF --&gt;&lt;div class=""md""&gt;&lt;p&gt;For example, having strong opinions on personal choices or even food preferences. I find it extremely hard dealing with a loved one that does this.&lt;/p&gt;
&lt;/div&gt;&lt;!-- SC_ON --&gt;",,,,,False,False,False,False,False,[],[],False,,False,False,False,,[],False,,,,t5_2rxrw,,,,geq47t,True,,u2loud,,54,True,all_ads,False,[],False,,/r/AskWomen/comments/geq47t/how_do_you_deal_with_critical_people_that_speaks/,all_ads,False,https://www.reddit.com/r/AskWomen/comments/geq47t/how_do_you_deal_with_critical_people_that_speaks/,1443606,1588791485.0,0,,False
4,,AskWomen,,t2_68ckhkmv,False,,0,False,What‚Äôs one mistake your mother made that you vow never to do to your children?,[],r/AskWomen,False,6,,0,False,t3_gervl3,False,dark,0.93,,public,56,0,{},,False,[],,False,False,,{},,False,56,,False,,False,,[],{},,True,,1588825760.0,text,6,,,text,self.AskWomen,False,,,,,,False,False,False,False,False,[],[],False,,False,False,False,,[],False,,,,t5_2rxrw,,,,gervl3,True,,duffuq_,,114,True,all_ads,False,[],False,,/r/AskWomen/comments/gervl3/whats_one_mistake_your_mother_made_that_you_vow/,all_ads,False,https://www.reddit.com/r/AskWomen/comments/gervl3/whats_one_mistake_your_mother_made_that_you_vow/,1443606,1588796960.0,0,,False
5,,AskWomen,,t2_3nhu0fdk,False,,0,False,What are your thoughts on piercing a baby's ears?,[],r/AskWomen,False,6,,0,False,t3_geqbbj,False,dark,0.83,,public,68,0,{},,False,[],,False,False,,{},,False,68,,False,,False,,[],{},,True,,1588820901.0,text,6,,,text,self.AskWomen,False,,,,,,False,False,False,False,False,[],[],False,,False,False,False,,[],False,,,,t5_2rxrw,,,,geqbbj,True,,rangerroe,,203,True,all_ads,False,[],False,,/r/AskWomen/comments/geqbbj/what_are_your_thoughts_on_piercing_a_babys_ears/,all_ads,False,https://www.reddit.com/r/AskWomen/comments/geqbbj/what_are_your_thoughts_on_piercing_a_babys_ears/,1443606,1588792101.0,0,,False
6,,AskWomen,,t2_2g8x7qi4,False,,0,False,"Women who aren‚Äôt comfortable with their SO watching Porn, why?",[],r/AskWomen,False,6,,0,False,t3_geka0q,False,dark,0.9,,public,163,0,{},,False,[],,False,False,,{},,False,163,,False,,False,,[],{},,True,,1588801504.0,text,6,,,text,self.AskWomen,True,,,,,,False,False,False,False,False,[],[],False,,False,False,False,,[],False,,,,t5_2rxrw,,,,geka0q,True,,dickshark3000,,171,True,all_ads,False,[],False,,/r/AskWomen/comments/geka0q/women_who_arent_comfortable_with_their_so/,all_ads,False,https://www.reddit.com/r/AskWomen/comments/geka0q/women_who_arent_comfortable_with_their_so/,1443606,1588772704.0,0,,False
7,,AskWomen,,t2_4tw3bxaa,False,,0,False,How do you feel about purchasing and wearing fake designer items?,[],r/AskWomen,False,6,,0,False,t3_gev47v,False,dark,0.85,,public,26,0,{},,False,[],,False,False,,{},,False,26,,False,,False,,[],{},,True,,1588836328.0,text,6,,,text,self.AskWomen,False,,,,,,False,False,False,False,False,[],[],False,,False,False,False,,[],False,,,,t5_2rxrw,,,,gev47v,True,,TeaLover315,,51,True,all_ads,False,[],False,,/r/AskWomen/comments/gev47v/how_do_you_feel_about_purchasing_and_wearing_fake/,all_ads,False,https://www.reddit.com/r/AskWomen/comments/gev47v/how_do_you_feel_about_purchasing_and_wearing_fake/,1443606,1588807528.0,0,,False
8,,AskWomen,How often do you get to see your close friends?,t2_6e0onjtl,False,,0,False,How important are your friendships to you?,[],r/AskWomen,False,6,,0,False,t3_geq04u,False,dark,0.95,,public,62,0,{},,False,[],,False,False,,{},,False,62,,False,,1588791707.0,,[],{},,True,,1588819936.0,text,6,,,text,self.AskWomen,False,"&lt;!-- SC_OFF --&gt;&lt;div class=""md""&gt;&lt;p&gt;How often do you get to see your close friends?&lt;/p&gt;
&lt;/div&gt;&lt;!-- SC_ON --&gt;",,,,,False,False,False,False,False,[],[],False,,False,False,False,,[],False,,,,t5_2rxrw,,,,geq04u,True,,settlers09,,75,True,all_ads,False,[],False,,/r/AskWomen/comments/geq04u/how_important_are_your_friendships_to_you/,all_ads,False,https://www.reddit.com/r/AskWomen/comments/geq04u/how_important_are_your_friendships_to_you/,1443606,1588791136.0,0,,False
9,,AskWomen,,t2_u0k5d,False,,0,False,What‚Äôs your favorite ABBA song?,[],r/AskWomen,False,6,,0,False,t3_gf00ls,False,dark,0.79,,public,8,0,{},,False,[],,False,False,,{},,False,8,,False,,False,,[],{},,True,,1588855473.0,text,6,,,text,self.AskWomen,False,,,,,,False,True,False,False,False,[],[],False,,False,False,False,,[],False,,,,t5_2rxrw,,,,gf00ls,True,,throwyawayytime,,18,True,all_ads,False,[],False,,/r/AskWomen/comments/gf00ls/whats_your_favorite_abba_song/,all_ads,False,https://www.reddit.com/r/AskWomen/comments/gf00ls/whats_your_favorite_abba_song/,1443606,1588826673.0,0,,False
10,,AskWomen,Send me some songs or artists that put you in a good mood üòÑ,t2_3h1d0c8t,False,,0,False,What music are you listening to lately to feel happy/positive?,[],r/AskWomen,False,6,,0,False,t3_geuy9j,False,dark,0.93,,public,25,0,{},,False,[],,False,False,,{},,False,25,,False,,False,,[],{},,True,,1588835759.0,text,6,,,text,self.AskWomen,False,"&lt;!-- SC_OFF --&gt;&lt;div class=""md""&gt;&lt;p&gt;Send me some songs or artists that put you in a good mood üòÑ&lt;/p&gt;
&lt;/div&gt;&lt;!-- SC_ON --&gt;",,,,,False,False,False,False,False,[],[],False,,False,False,False,,[],False,,,,t5_2rxrw,,,,geuy9j,True,,mn334,,50,True,all_ads,False,[],False,,/r/AskWomen/comments/geuy9j/what_music_are_you_listening_to_lately_to_feel/,all_ads,False,https://www.reddit.com/r/AskWomen/comments/geuy9j/what_music_are_you_listening_to_lately_to_feel/,1443606,1588806959.0,0,,False
11,,AskWomen,,t2_51d9iwgn,False,,0,False,"If there's a difference between what you want in a relationship and what you need, what is it? for you, personally",[],r/AskWomen,False,6,,0,False,t3_gey5u7,False,dark,0.93,,public,11,0,{},,False,[],,False,False,,{},,False,11,,False,,False,,[],{},,True,,1588847484.0,text,6,,,text,self.AskWomen,False,,,,,,False,True,False,False,False,[],[],False,,False,False,False,,[],False,,,,t5_2rxrw,,,,gey5u7,True,,ezmc6718,,9,True,all_ads,False,[],False,,/r/AskWomen/comments/gey5u7/if_theres_a_difference_between_what_you_want_in_a/,all_ads,False,https://www.reddit.com/r/AskWomen/comments/gey5u7/if_theres_a_difference_between_what_you_want_in_a/,1443606,1588818684.0,0,,False
12,,AskWomen,"I'm interested in that thing(s) that would free you, make you feel like a weight has been lifted, make you feel known.",t2_q2vhp,False,,0,False,"What in your life needs to be said, that you're too ashamed for those closest to you to hear?",[],r/AskWomen,False,6,,0,False,t3_gevnla,False,dark,0.85,,public,16,0,{},,False,[],,False,False,,{},,False,16,,False,,False,,[],{},,True,,1588838191.0,text,6,,,text,self.AskWomen,True,"&lt;!-- SC_OFF --&gt;&lt;div class=""md""&gt;&lt;p&gt;I&amp;#39;m interested in that thing(s) that would free you, make you feel like a weight has been lifted, make you feel known.&lt;/p&gt;
&lt;/div&gt;&lt;!-- SC_ON --&gt;",,,,,False,False,False,False,False,[],[],False,,False,False,False,,[],False,,,,t5_2rxrw,,,,gevnla,True,,Mindset_IsEverything,,50,True,all_ads,False,[],False,,/r/AskWomen/comments/gevnla/what_in_your_life_needs_to_be_said_that_youre_too/,all_ads,False,https://www.reddit.com/r/AskWomen/comments/gevnla/what_in_your_life_needs_to_be_said_that_youre_too/,1443606,1588809391.0,0,,False
13,,AskWomen,,t2_58avy0yg,False,,0,False,"You are one of the last two people on earth. The other person is a known celebrity or living famous person that you'll spend your life with, and they will magically like you and find you attractive (if you wish them to). Who would you pick and why?",[],r/AskWomen,False,6,,0,False,t3_get4ru,False,dark,0.79,,public,25,0,{},,False,[],,False,False,,{},,False,25,,False,,False,,[],{},,True,,1588829702.0,text,6,,,text,self.AskWomen,False,,,,,,False,False,False,False,False,[],[],False,,False,False,False,,[],False,,,,t5_2rxrw,,,,get4ru,True,,KnowOneinTX,,59,True,all_ads,False,[],False,,/r/AskWomen/comments/get4ru/you_are_one_of_the_last_two_people_on_earth_the/,all_ads,False,https://www.reddit.com/r/AskWomen/comments/get4ru/you_are_one_of_the_last_two_people_on_earth_the/,1443606,1588800902.0,0,,False
14,,AskWomen,,t2_3cvhid69,False,,0,False,What are you doing to show yourself more compassion in dark times of your life?,[],r/AskWomen,False,6,,0,False,t3_gewcbn,False,dark,0.85,,public,13,0,{},,False,[],,False,False,,{},,False,13,,False,,False,,[],{},,True,,1588840704.0,text,6,,,text,self.AskWomen,False,,,,,,False,False,False,False,False,[],[],False,,False,False,False,,[],False,,,,t5_2rxrw,,,,gewcbn,True,,urbanog_com,,18,True,all_ads,False,[],False,,/r/AskWomen/comments/gewcbn/what_are_you_doing_to_show_yourself_more/,all_ads,False,https://www.reddit.com/r/AskWomen/comments/gewcbn/what_are_you_doing_to_show_yourself_more/,1443606,1588811904.0,0,,False
15,,AskWomen,,t2_4hd9t09d,False,,0,False,Have you ever been emotionally manipulated into getting into a relationship (that you knew you didn't want from the beginning)? How did you realise/deal with it?,[],r/AskWomen,False,6,,0,False,t3_geugk8,False,dark,0.84,,public,15,0,{},,False,[],,False,False,,{},,False,15,,False,,False,,[],{},,True,,1588834093.0,text,6,,,text,self.AskWomen,False,,,,,,False,False,False,False,False,[],[],False,,False,False,False,,[],False,,,,t5_2rxrw,,,,geugk8,True,,WhoWillReadItAnyway,,22,True,all_ads,False,[],False,,/r/AskWomen/comments/geugk8/have_you_ever_been_emotionally_manipulated_into/,all_ads,False,https://www.reddit.com/r/AskWomen/comments/geugk8/have_you_ever_been_emotionally_manipulated_into/,1443606,1588805293.0,0,,False
16,,AskWomen,I.e. How many of you have done it or been on the receiving end? I'm talking about long relationships. 2+ years. What's the story there? ,t2_6bbrv2kj,False,,0,False,"How commonly do people break a good relationship with someone they love just because they want more life experience (including other relationships)? If that's the case, do they really love their partner as much as they think they do? Other thoughts?",[],r/AskWomen,False,6,,0,False,t3_geovp5,False,dark,0.9,,public,37,0,{},,False,[],,False,False,,{},,False,37,,False,,1588790363.0,,[],{},,True,,1588816408.0,text,6,,,text,self.AskWomen,False,"&lt;!-- SC_OFF --&gt;&lt;div class=""md""&gt;&lt;p&gt;I.e. How many of you have done it or been on the receiving end? I&amp;#39;m talking about long relationships. 2+ years. What&amp;#39;s the story there? &lt;/p&gt;
&lt;/div&gt;&lt;!-- SC_ON --&gt;",,,,,False,False,False,False,False,[],[],False,,False,False,False,,[],False,,,,t5_2rxrw,,,,geovp5,True,,lil_munchkin57,,31,True,all_ads,False,[],False,,/r/AskWomen/comments/geovp5/how_commonly_do_people_break_a_good_relationship/,all_ads,False,https://www.reddit.com/r/AskWomen/comments/geovp5/how_commonly_do_people_break_a_good_relationship/,1443606,1588787608.0,0,,False
17,,AskWomen,,t2_3bi0l0al,False,,0,False,"Whenever you play ice breaker games, what is your one cool fact about you?",[],r/AskWomen,False,6,,0,True,t3_gf0s0g,False,dark,1.0,,public,4,0,{},8106c61a-c8aa-11e1-a771-12313b0ce1e2,False,[],,False,False,,{},,False,4,,False,,1588832164.0,female,[],{},,True,,1588859098.0,text,6,,,text,self.AskWomen,False,,,,,,False,False,False,False,False,[],[],False,,False,False,False,‚ôÄ,[],False,,,,t5_2rxrw,,,,gf0s0g,True,,blameitonmyotp,,20,True,all_ads,False,[],False,dark,/r/AskWomen/comments/gf0s0g/whenever_you_play_ice_breaker_games_what_is_your/,all_ads,False,https://www.reddit.com/r/AskWomen/comments/gf0s0g/whenever_you_play_ice_breaker_games_what_is_your/,1443606,1588830298.0,0,,False
18,,AskWomen,,t2_s0l1l,False,,0,False,What are some good items to give to homeless women?,[],r/AskWomen,False,6,,0,True,t3_gf1o0l,False,dark,1.0,,public,3,0,{},,False,[],,False,False,,{},,False,3,,False,,False,,[],{},,True,,1588863569.0,text,6,,,text,self.AskWomen,False,,,,,,False,True,False,False,False,[],[],False,,False,False,False,,[],False,,,,t5_2rxrw,,,,gf1o0l,True,,bigloadlittlechode,,1,True,all_ads,False,[],False,,/r/AskWomen/comments/gf1o0l/what_are_some_good_items_to_give_to_homeless_women/,all_ads,False,https://www.reddit.com/r/AskWomen/comments/gf1o0l/what_are_some_good_items_to_give_to_homeless_women/,1443606,1588834769.0,0,,False
19,,AskWomen,"I just realized that I haven‚Äôt seen a rock song on the mainstream charts for a while now, but rock has been such a huge part of ‚Äúmusic history‚Äù that I wanted to discuss this.",t2_4fetupy7,False,,0,False,Do you think rock music is still culturally relevant? Why or why not?,[],r/AskWomen,False,6,,0,False,t3_geulju,False,dark,0.83,,public,15,0,{},,False,[],,False,False,,{},,False,15,,False,,1588806102.0,,[],{},,True,,1588834564.0,text,6,,,text,self.AskWomen,False,"&lt;!-- SC_OFF --&gt;&lt;div class=""md""&gt;&lt;p&gt;I just realized that I haven‚Äôt seen a rock song on the mainstream charts for a while now, but rock has been such a huge part of ‚Äúmusic history‚Äù that I wanted to discuss this.&lt;/p&gt;
&lt;/div&gt;&lt;!-- SC_ON --&gt;",,,,,False,False,False,False,False,[],[],False,,False,False,False,,[],False,,,,t5_2rxrw,,,,geulju,True,,uniquepeneater,,17,True,all_ads,False,[],False,,/r/AskWomen/comments/geulju/do_you_think_rock_music_is_still_culturally/,all_ads,False,https://www.reddit.com/r/AskWomen/comments/geulju/do_you_think_rock_music_is_still_culturally/,1443606,1588805764.0,0,,False
20,,AskWomen,Have you rejected a marriage proposal from your partner? Did you stay together or did you call it quits?,t2_5i2g31ef,False,,0,False,What happened after you rejected a marriage proposal?,[],r/AskWomen,False,6,,0,False,t3_gezvko,False,dark,1.0,,public,4,0,{},,False,[],,False,False,,{},,False,4,,False,,False,,[],{},,True,,1588854797.0,text,6,,,text,self.AskWomen,False,"&lt;!-- SC_OFF --&gt;&lt;div class=""md""&gt;&lt;p&gt;Have you rejected a marriage proposal from your partner? Did you stay together or did you call it quits?&lt;/p&gt;
&lt;/div&gt;&lt;!-- SC_ON --&gt;",,,,,False,False,False,False,False,[],[],False,,False,False,False,,[],False,,,,t5_2rxrw,,,,gezvko,True,,darlin_squishy,,3,True,all_ads,False,[],False,,/r/AskWomen/comments/gezvko/what_happened_after_you_rejected_a_marriage/,all_ads,False,https://www.reddit.com/r/AskWomen/comments/gezvko/what_happened_after_you_rejected_a_marriage/,1443606,1588825997.0,0,,False
21,,AskWomen,,t2_x7i8j,False,,0,False,"If you've seen a post or article about a man get praised vs a similar story from the perspective of a woman get judged harder/what about-ismed, or criticized more, which time had you the most frustrated?",[],r/AskWomen,False,6,,0,False,t3_gextwz,False,dark,0.76,,public,4,0,{},,False,[],,False,False,,{},,False,4,,False,,False,,[],{},,True,,1588846185.0,text,6,,,text,self.AskWomen,False,,,,,,False,False,False,False,False,[],[],False,,False,False,False,,[],False,,,,t5_2rxrw,,,,gextwz,True,,Humiliatingmyself,,6,True,all_ads,False,[],False,,/r/AskWomen/comments/gextwz/if_youve_seen_a_post_or_article_about_a_man_get/,all_ads,False,https://www.reddit.com/r/AskWomen/comments/gextwz/if_youve_seen_a_post_or_article_about_a_man_get/,1443606,1588817385.0,0,,False
22,,AskWomen,,t2_rnly9,False,,0,False,What is your personal ghost story?,[],r/AskWomen,False,6,,0,False,t3_ges7r4,False,dark,0.74,,public,15,0,{},8106c61a-c8aa-11e1-a771-12313b0ce1e2,False,[],,False,False,,{},,False,15,,False,,False,female,[],{},,True,,1588826812.0,text,6,,,text,self.AskWomen,False,,,,,,False,False,False,False,False,[],[],False,,False,False,False,‚ôÄ,[],False,,,,t5_2rxrw,,,,ges7r4,True,,FrancineTheCat,,37,True,all_ads,False,[],False,dark,/r/AskWomen/comments/ges7r4/what_is_your_personal_ghost_story/,all_ads,False,https://www.reddit.com/r/AskWomen/comments/ges7r4/what_is_your_personal_ghost_story/,1443606,1588798012.0,0,,False
23,,AskWomen,,t2_1g6hrjod,False,,0,False,What is the one thing you wish you would never see again when turning on the news?,[],r/AskWomen,False,6,,0,True,t3_gf0j0s,False,dark,1.0,,public,3,0,{},,False,[],,False,False,,{},,False,3,,False,,False,,[],{},,True,,1588857869.0,text,6,,,text,self.AskWomen,False,,,,,,False,False,False,False,False,[],[],False,,False,False,False,,[],False,,,,t5_2rxrw,,,,gf0j0s,True,,bluefoxmoon,,12,True,all_ads,False,[],False,,/r/AskWomen/comments/gf0j0s/what_is_the_one_thing_you_wish_you_would_never/,all_ads,False,https://www.reddit.com/r/AskWomen/comments/gf0j0s/what_is_the_one_thing_you_wish_you_would_never/,1443606,1588829069.0,0,,False
24,,AskWomen,,t2_644qdtdj,False,,0,False,"In retrospect, what would lead you and your partner to say something insensitive and have fights?",[],r/AskWomen,False,6,,0,False,t3_gf09nu,False,dark,1.0,,public,3,0,{},,False,[],,False,False,,{},,False,3,,False,,False,,[],{},,True,,1588856638.0,text,6,,,text,self.AskWomen,False,,,,,,False,False,False,False,False,[],[],False,,False,False,False,,[],False,,,,t5_2rxrw,,,,gf09nu,True,,neonroli47,,5,True,all_ads,False,[],False,,/r/AskWomen/comments/gf09nu/in_retrospect_what_would_lead_you_and_your/,all_ads,False,https://www.reddit.com/r/AskWomen/comments/gf09nu/in_retrospect_what_would_lead_you_and_your/,1443606,1588827838.0,0,,False
25,,AskWomen,,t2_8v6ubtj,False,,0,False,How do you stop being shy when you are on live cam with random people?,[],r/AskWomen,False,6,,0,False,t3_gezcbs,False,dark,0.72,,public,3,0,{},,False,[],,False,False,,{},,False,3,,False,,False,,[],{},,True,,1588852389.0,text,6,,,text,self.AskWomen,False,,,,,,False,False,False,False,False,[],[],False,,False,False,False,,[],False,,,,t5_2rxrw,,,,gezcbs,True,,eeevol-,,5,True,all_ads,False,[],False,,/r/AskWomen/comments/gezcbs/how_do_you_stop_being_shy_when_you_are_on_live/,all_ads,False,https://www.reddit.com/r/AskWomen/comments/gezcbs/how_do_you_stop_being_shy_when_you_are_on_live/,1443606,1588823589.0,0,,False
